@Rilzxere,@Rilzxere,5.28 月底包冲的，狠狠出业绩_1000_17.txt,27-05 21:57
pengirim,penerus,nama file,tanggal dan Waktu
@Rilzxere,@Rilzxere,5.28 月底包冲的，狠狠出业绩_1000_16.txt,27-05 21:57
@Rilzxere,@Rilzxere,1.txt,27-05 21:58
@Rilzxere,@Rilzxere,5.28 月底包冲的，狠狠出业绩_1000_18.txt,27-05 21:58
@Rilzxere,@Rilzxere,2only.txt,27-05 21:59
@Rilzxere,@Rilzxere,2only.txt,27-05 22:03
@Rilzxere,@Rilzxere,Goldene Chance Invest  116.txt,28-05 13:23
@Rilzxere,@Rilzxere,Goldene Chance Invest  117.txt,28-05 13:23
@Rilzxere,@Rilzxere,Goldene Chance Invest  120.txt,28-05 13:23
@Rilzxere,@Rilzxere,Goldene Chance Invest  118.txt,28-05 13:23
@Rilzxere,@Rilzxere,Goldene Chance Invest  119.txt,28-05 13:23
@Rilzxere,@Rilzxere,Goldene Chance Invest  116.txt,28-05 13:23
@Rilzxere,@Rilzxere,Goldene Chance Invest  117.txt,28-05 13:23
@Rilzxere,@Rilzxere,Goldene Chance Invest  118.txt,28-05 13:24
@Rilzxere,@Rilzxere,Goldene Chance Invest  119.txt,28-05 13:24
@Rilzxere,@Rilzxere,2.txt,28-05 13:24
@Rilzxere,@Rilzxere,Goldene Chance Invest  120.txt,28-05 13:24
@Rilzxere,@Rilzxere,3.txt,28-05 13:25
@Rilzxere,@Rilzxere,1 (1).txt,28-05 13:25
@Rilzxere,@Rilzxere,Cv.txt,28-05 13:25
@Rilzxere,@Rilzxere,RANS Beauty (172).txt,28-05 23:06
@Rilzxere,@Rilzxere,RANS Beauty (171).txt,28-05 23:06
@Rilzxere,@KazuhaIDBot,5.txt,28-05 23:07
@Rilzxere,@KazuhaIDBot,5.txt,28-05 23:10
