pengirim,penerus,nama file,tanggal dan Waktu
@syyynee,@syyynee,5-22-好起来了_1000_78.txt,28-05 10:22
@syyynee,@syyynee,5-22-好起来了_1000_78.txt,28-05 10:23
@syyynee,@syyynee,5-22-好起来了_1000_78.txt,28-05 10:24
@syyynee,@syyynee,5000.txt,28-05 19:55
@syyynee,@KazuhaIDBot,Agoda-YS 2.vcf,29-05 07:53
@syyynee,@KazuhaIDBot,Agoda-YS 13.vcf,29-05 07:53
@syyynee,@KazuhaIDBot,Agoda-YS 4.vcf,29-05 07:53
@syyynee,@KazuhaIDBot,Agoda-YS 6.vcf,29-05 07:53
@syyynee,@KazuhaIDBot,Agoda-YS 1.vcf,29-05 07:53
@syyynee,@KazuhaIDBot,Agoda-YS 3.vcf,29-05 07:53
@syyynee,@KazuhaIDBot,Agoda-YS 5.vcf,29-05 07:53
@syyynee,@KazuhaIDBot,Agoda-YS 7.vcf,29-05 07:53
@syyynee,@KazuhaIDBot,Agoda-YS 8.vcf,29-05 07:53
@syyynee,@KazuhaIDBot,Agoda-YS 14.vcf,29-05 07:53
@syyynee,@KazuhaIDBot,Agoda-YS 15.vcf,29-05 07:53
@syyynee,@KazuhaIDBot,Agoda-YS 9.vcf,29-05 07:53
@syyynee,@KazuhaIDBot,Agoda-YS 10.vcf,29-05 07:53
@syyynee,@KazuhaIDBot,Agoda-YS 11.vcf,29-05 07:53
@syyynee,@KazuhaIDBot,Agoda-YS 16.vcf,29-05 07:53
@syyynee,@KazuhaIDBot,Agoda-YS 12.vcf,29-05 07:53
@syyynee,@KazuhaIDBot,Agoda-YS 17.vcf,29-05 07:53
@syyynee,@KazuhaIDBot,Agoda-YS 18.vcf,29-05 07:53
@syyynee,@KazuhaIDBot,Agoda-YS 19.vcf,29-05 07:53
@syyynee,@KazuhaIDBot,Agoda-YS 20.vcf,29-05 07:53
@syyynee,@KazuhaIDBot,Agoda-YS 21.vcf,29-05 07:53
@syyynee,@KazuhaIDBot,Agoda-YS 22.vcf,29-05 07:53
@syyynee,@KazuhaIDBot,Agoda-YS 23.vcf,29-05 07:53
@syyynee,@KazuhaIDBot,Agoda-YS 24.vcf,29-05 07:53
@syyynee,@KazuhaIDBot,Agoda-YS 25.vcf,29-05 07:53
@syyynee,@KazuhaIDBot,Agoda-YS 26.vcf,29-05 07:53
@syyynee,@KazuhaIDBot,Agoda-YS 27.vcf,29-05 07:53
@syyynee,@KazuhaIDBot,Agoda-YS 28.vcf,29-05 07:53
@syyynee,@KazuhaIDBot,Agoda-YS 29.vcf,29-05 07:53
@syyynee,@KazuhaIDBot,Agoda-YS 30.vcf,29-05 07:53
@syyynee,@KazuhaIDBot,Agoda-YS 31.vcf,29-05 07:53
@syyynee,@KazuhaIDBot,Agoda-YS 32.vcf,29-05 07:53
@syyynee,@KazuhaIDBot,Agoda-YS 33.vcf,29-05 07:53
@syyynee,@KazuhaIDBot,Agoda-YS 34.vcf,29-05 07:53
@syyynee,@KazuhaIDBot,Agoda-YS 35.vcf,29-05 07:53
@syyynee,@KazuhaIDBot,Agoda-YS 36.vcf,29-05 07:53
@syyynee,@KazuhaIDBot,Agoda-YS 38.vcf,29-05 07:53
@syyynee,@KazuhaIDBot,Agoda-YS 37.vcf,29-05 07:53
@syyynee,@KazuhaIDBot,Agoda-YS 41.vcf,29-05 07:53
@syyynee,@KazuhaIDBot,Agoda-YS 43.vcf,29-05 07:53
@syyynee,@KazuhaIDBot,Agoda-YS 44.vcf,29-05 07:53
@syyynee,@KazuhaIDBot,Agoda-YS 39.vcf,29-05 07:53
@syyynee,@KazuhaIDBot,Agoda-YS 47.vcf,29-05 07:53
@syyynee,@KazuhaIDBot,Agoda-YS 49.vcf,29-05 07:53
@syyynee,@KazuhaIDBot,Agoda-YS 48.vcf,29-05 07:53
@syyynee,@KazuhaIDBot,Agoda-YS 52.vcf,29-05 07:53
@syyynee,@KazuhaIDBot,Agoda-YS 50.vcf,29-05 07:53
@syyynee,@KazuhaIDBot,Agoda-YS 51.vcf,29-05 07:53
@syyynee,@KazuhaIDBot,Agoda-YS 55.vcf,29-05 07:53
@syyynee,@KazuhaIDBot,Agoda-YS 53.vcf,29-05 07:53
@syyynee,@KazuhaIDBot,Agoda-YS 58.vcf,29-05 07:53
@syyynee,@KazuhaIDBot,Agoda-YS 57.vcf,29-05 07:53
@syyynee,@KazuhaIDBot,Agoda-YS 46.vcf,29-05 07:53
@syyynee,@KazuhaIDBot,Agoda-YS 61.vcf,29-05 07:53
@syyynee,@KazuhaIDBot,Agoda-YS 62.vcf,29-05 07:53
@syyynee,@KazuhaIDBot,Agoda-YS 42.vcf,29-05 07:53
@syyynee,@KazuhaIDBot,Agoda-YS 64.vcf,29-05 07:53
@syyynee,@KazuhaIDBot,Agoda-YS 65.vcf,29-05 07:53
@syyynee,@KazuhaIDBot,Agoda-YS 66.vcf,29-05 07:53
@syyynee,@KazuhaIDBot,Agoda-YS 60.vcf,29-05 07:53
@syyynee,@KazuhaIDBot,Agoda-YS 69.vcf,29-05 07:53
@syyynee,@KazuhaIDBot,Agoda-YS 68.vcf,29-05 07:53
@syyynee,@KazuhaIDBot,Agoda-YS 67.vcf,29-05 07:53
@syyynee,@KazuhaIDBot,Agoda-YS 56.vcf,29-05 07:53
@syyynee,@KazuhaIDBot,Agoda-YS 63.vcf,29-05 07:53
@syyynee,@KazuhaIDBot,Agoda-YS 75.vcf,29-05 07:53
@syyynee,@KazuhaIDBot,Agoda-YS 71.vcf,29-05 07:53
@syyynee,@KazuhaIDBot,Agoda-YS 76.vcf,29-05 07:53
@syyynee,@KazuhaIDBot,Agoda-YS 74.vcf,29-05 07:53
@syyynee,@KazuhaIDBot,Agoda-YS 54.vcf,29-05 07:53
@syyynee,@KazuhaIDBot,Agoda-YS 79.vcf,29-05 07:53
@syyynee,@KazuhaIDBot,Agoda-YS 73.vcf,29-05 07:53
@syyynee,@KazuhaIDBot,Agoda-YS 59.vcf,29-05 07:53
@syyynee,@KazuhaIDBot,Agoda-YS 82.vcf,29-05 07:53
@syyynee,@KazuhaIDBot,Agoda-YS 83.vcf,29-05 07:53
@syyynee,@KazuhaIDBot,Agoda-YS 77.vcf,29-05 07:53
@syyynee,@KazuhaIDBot,Agoda-YS 84.vcf,29-05 07:53
@syyynee,@KazuhaIDBot,Agoda-YS 80.vcf,29-05 07:53
@syyynee,@KazuhaIDBot,Agoda-YS 87.vcf,29-05 07:53
@syyynee,@KazuhaIDBot,Agoda-YS 88.vcf,29-05 07:53
@syyynee,@KazuhaIDBot,Agoda-YS 89.vcf,29-05 07:53
@syyynee,@KazuhaIDBot,Agoda-YS 90.vcf,29-05 07:53
@syyynee,@KazuhaIDBot,Agoda-YS 91.vcf,29-05 07:53
@syyynee,@KazuhaIDBot,Agoda-YS 45.vcf,29-05 07:53
@syyynee,@KazuhaIDBot,Agoda-YS 78.vcf,29-05 07:53
@syyynee,@KazuhaIDBot,Agoda-YS 92.vcf,29-05 07:53
@syyynee,@KazuhaIDBot,Agoda-YS 94.vcf,29-05 07:53
@syyynee,@KazuhaIDBot,Agoda-YS 81.vcf,29-05 07:53
@syyynee,@KazuhaIDBot,Agoda-YS 86.vcf,29-05 07:53
@syyynee,@KazuhaIDBot,Agoda-YS 40.vcf,29-05 07:53
@syyynee,@KazuhaIDBot,Agoda-YS 72.vcf,29-05 07:53
@syyynee,@KazuhaIDBot,Agoda-YS 96.vcf,29-05 07:53
@syyynee,@KazuhaIDBot,Agoda-YS 97.vcf,29-05 07:53
@syyynee,@KazuhaIDBot,Agoda-YS 93.vcf,29-05 07:53
@syyynee,@KazuhaIDBot,Agoda-YS 70.vcf,29-05 07:53
@syyynee,@KazuhaIDBot,Agoda-YS 85.vcf,29-05 07:53
@syyynee,@KazuhaIDBot,Agoda-YS 99.vcf,29-05 07:53
@syyynee,@KazuhaIDBot,Agoda-YS 100.vcf,29-05 07:53
@syyynee,@KazuhaIDBot,Agoda-YS 95.vcf,29-05 07:53
@syyynee,@KazuhaIDBot,Agoda-YS 98.vcf,29-05 07:53
@syyynee,@mihoutao66666,5000.txt,29-05 20:42
